{
  "version": 1,
  "author": "Anonymous maker",
  "editor": "wokwi",
  "parts": [
    { "type": "wokwi-breadboard", "id": "bb1", "top": -89.4, "left": -218, "attrs": {} },
    { "type": "board-esp32-devkit-c-v4", "id": "esp", "top": 144, "left": -4.76, "attrs": {} },
    {
      "type": "wokwi-hc-sr04",
      "id": "ultrasonic1",
      "top": -228.9,
      "left": -215.3,
      "attrs": { "distance": "79" }
    },
    {
      "type": "wokwi-hc-sr04",
      "id": "ultrasonic2",
      "top": -228.9,
      "left": 255.1,
      "attrs": { "distance": "363" }
    },
    { "type": "wokwi-servo", "id": "servo1", "top": -357.2, "left": -211.2, "attrs": {} },
    { "type": "wokwi-servo", "id": "servo2", "top": -357.2, "left": 259.2, "attrs": {} }
  ],
  "connections": [
    [ "esp:TX", "$serialMonitor:RX", "", [] ],
    [ "esp:RX", "$serialMonitor:TX", "", [] ],
    [ "esp:5V", "bb1:bp.1", "red", [ "h0" ] ],
    [ "bb1:bn.50", "bb1:tn.50", "black", [ "v0" ] ],
    [ "bb1:bp.49", "bb1:tp.49", "red", [ "v0" ] ],
    [ "ultrasonic1:VCC", "bb1:tp.4", "red", [ "v0" ] ],
    [ "ultrasonic1:GND", "bb1:tn.6", "black", [ "v0" ] ],
    [ "ultrasonic2:VCC", "bb1:tp.45", "red", [ "v0" ] ],
    [ "ultrasonic2:GND", "bb1:tn.47", "black", [ "v0" ] ],
    [ "servo1:GND", "bb1:tn.1", "black", [ "h-67.2", "v240" ] ],
    [ "servo2:GND", "bb1:tn.36", "black", [ "h0" ] ],
    [ "ultrasonic1:TRIG", "bb1:7t.c", "green", [ "v0" ] ],
    [ "ultrasonic1:ECHO", "bb1:8t.c", "green", [ "v0" ] ],
    [ "ultrasonic2:TRIG", "bb1:56t.c", "green", [ "v0" ] ],
    [ "ultrasonic2:ECHO", "bb1:57t.c", "green", [ "v0" ] ],
    [ "servo1:V+", "bb1:tp.1", "red", [ "h-57.6", "v220.9" ] ],
    [ "servo2:V+", "bb1:tp.37", "red", [ "h0" ] ],
    [ "servo2:PWM", "bb1:47t.c", "green", [ "h0" ] ],
    [ "servo1:PWM", "bb1:6t.c", "green", [ "h-48", "v269" ] ],
    [ "esp:14", "bb1:7t.e", "green", [ "h0" ] ],
    [ "esp:27", "bb1:8t.e", "green", [ "h0" ] ],
    [ "esp:16", "bb1:57t.e", "green", [ "h0" ] ],
    [ "esp:17", "bb1:56t.e", "green", [ "h0" ] ],
    [ "esp:12", "bb1:6t.e", "green", [ "v0", "h-143.85" ] ],
    [ "esp:5", "bb1:47t.e", "green", [ "h0" ] ],
    [ "esp:GND.1", "bb1:bn.2", "black", [ "h0" ] ]
  ],
  "dependencies": {}
}